course_id,avg_completion
C110,49.10344827586207
C104,55.083333333333336
C107,43.391304347826086
C102,46.4
C103,38.8
C105,41.578947368421055
C108,46.793103448275865
C109,51.25714285714286
C106,49.470588235294116
C101,41.095238095238095
