Course ID,Average Completion (%)
1,30.086666666666662
2,64.40833333333333
3,62.186
4,80.93142857142857
5,57.126666666666665
6,71.375
7,48.136
8,37.529999999999994
9,61.129999999999995
10,23.93
